<keymap version="1" name="Pivotal IntelliJ">
  <action id="CompileProject">
    <keyboard-shortcut first-keystroke="ctrl meta alt b" />
  </action>
  <action id="MoveEditorToOppositeTabGroup">
    <keyboard-shortcut first-keystroke="shift ctrl meta alt up" />
    <keyboard-shortcut first-keystroke="shift ctrl meta alt up" second-keystroke="ctrl meta space" />
  </action>
  <action id="MoveTabRight">
    <keyboard-shortcut first-keystroke="shift ctrl meta alt right" />
    <keyboard-shortcut first-keystroke="ctrl meta right" />
  </action>
  <action id="ReformatCode">
    <keyboard-shortcut first-keystroke="meta alt l" />
    <keyboard-shortcut first-keystroke="ctrl meta alt l" />
  </action>
  <action id="SplitVertically" />
  <action id="SwitchApply">
    <keyboard-shortcut first-keystroke="ctrl alt enter" />
  </action>
  <action id="SwitchDown">
    <keyboard-shortcut first-keystroke="ctrl alt down" />
  </action>
  <action id="SwitchLeft">
    <keyboard-shortcut first-keystroke="ctrl alt left" />
  </action>
  <action id="SwitchRight">
    <keyboard-shortcut first-keystroke="ctrl alt right" />
  </action>
  <action id="SwitchUp">
    <keyboard-shortcut first-keystroke="ctrl alt up" />
  </action>
  <action id="VimPluginToggle">
    <keyboard-shortcut first-keystroke="meta alt v" />
    <keyboard-shortcut first-keystroke="ctrl meta v" />
  </action>
  <action id="org.jetbrains.plugins.ruby.tasks.rake.actions.RakeTasksPopupAction">
    <keyboard-shortcut first-keystroke="alt r" />
  </action>
</keymap>